utc_unixtimestamp,donation_id,donation_amount
1468116394,287590,30.00
1468116389,287589,20.00
1468116388,287588,50.00
1468116388,287587,10.00
1468116385,287586,5.00
1468116384,287585,25.00
1468116380,287583,10.00
1468116379,287582,50.00
1468116377,287579,20.00
1468116376,287577,5.00
1468116375,287576,10.00
1468116373,287575,100.00
1468116366,287574,25.00
1468116363,287571,50.00
1468116362,287569,10.01
1468116361,287568,10.00
1468116361,287567,20.00
1468116360,287566,50.00
1468116352,287563,5.50
1468116351,287562,200.00
1468116349,287561,20.00
1468116345,287558,50.00
1468116345,287557,10.00
1468116344,287556,50.00
1468116343,287555,5.00
1468116343,287554,50.00
1468116343,287553,100.00
1468116341,287551,20.00
1468116337,287550,20.00
1468116335,287548,25.00
1468116335,287547,50.00
1468116333,287545,20.00
1468116332,287544,5.00
1468116332,287543,5.00
1468116332,287542,50.00
1468116331,287541,100.00
1468116328,287540,10.00
1468116327,287539,50.00
1468116327,287538,5.00
1468116325,287537,20.00
1468116324,287536,20.00
1468116323,287535,50.00
1468116322,287534,50.00
1468116320,287533,50.00
1468116319,287531,20.00
1468116318,287530,7.45
1468116317,287529,5.00
1468116315,287528,10.00
1468116313,287527,5.00
1468116312,287526,500.00
1468116312,287525,5.00
1468116307,287523,10.00
1468116306,287522,350.00
1468116305,287521,5.00
1468116300,287517,150.00
1468116299,287516,200.00
1468116299,287515,5.00
1468116297,287514,10.00
1468116297,287513,10.00
1468116296,287512,100.00
1468116295,287511,20.00
1468116292,287510,5.69
1468116291,287509,50.00
1468116283,287508,15.00
1468116283,287507,50.00
1468116281,287506,50.00
1468116280,287504,15.00
1468116277,287501,50.00
1468116274,287500,50.00
1468116274,287499,5.00
1468116272,287498,50.00
1468116270,287497,50.00
1468116268,287496,500.00
1468116266,287495,50.00
1468116265,287494,50.00
1468116265,287493,20.00
1468116264,287492,15.00
1468116264,287491,640.00
1468116263,287490,25.00
1468116261,287489,5.00
1468116260,287488,25.00
1468116257,287487,5.00
1468116257,287486,10.00
1468116253,287485,50.00
1468116249,287483,25.00
1468116243,287480,10.00
1468116243,287479,200.00
1468116243,287478,25.00
1468116241,287477,20.00
1468116241,287476,5.02
1468116239,287474,120.00
1468116238,287473,20.00
1468116232,287469,15.00
1468116230,287467,15.00
1468116229,287466,15.00
1468116226,287465,11.11
1468116226,287464,10.00
1468116225,287463,100.00
1468116223,287461,20.00
1468116222,287460,5.00
1468116218,287459,10.00
1468116214,287458,25.00
1468116211,287457,10.00
1468116204,287456,10.00
1468116204,287455,5.00
1468116202,287454,20.00
1468116194,287453,5.00
1468116188,287449,15.00
1468116188,287448,50.00
1468116187,287446,1024.00
1468116186,287445,5.00
1468116181,287443,50.00
1468116178,287442,10.00
1468116178,287441,10.00
1468116178,287440,10.00
1468116176,287439,64.00
1468116175,287438,5.00
1468116171,287436,500.00
1468116169,287435,100.00
1468116169,287434,15.00
1468116168,287433,5.00
1468116167,287432,10.00
1468116166,287431,500.00
1468116165,287430,20.00
1468116164,287429,20.00
1468116160,287428,5.00
1468116159,287426,50.00
1468116159,287427,25.00
1468116158,287425,5.00
1468116158,287424,25.00
1468116157,287423,15.00
1468116153,287421,10.00
1468116150,287420,50.00
1468116150,287419,15.00
1468116146,287417,1000.00
1468116146,287416,5.00
1468116144,287415,15.00
1468116144,287414,20.00
1468116143,287413,25.00
1468116137,287412,15.00
1468116134,287411,50.00
1468116130,287410,5.00
1468116129,287409,5.55
1468116125,287406,50.00
1468116122,287405,50.00
1468116121,287404,10.00
1468116120,287402,5.54
1468116120,287401,10.00
1468116118,287400,100.00
1468116118,287399,540.00
1468116117,287397,20.00
1468116115,287396,100.00
1468116115,287395,10.00
1468116109,287394,100.00
1468116107,287393,100.00
1468116107,287392,30.00
1468116106,287391,20.00
1468116103,287389,20.00
1468116100,287387,5.00
1468116096,287386,25.00
1468116089,287385,5.00
1468116088,287384,20.00
1468116088,287383,10.00
1468116086,287382,5.00
1468116086,287381,25.00
1468116085,287380,20.00
1468116084,287379,10.00
1468116084,287378,10.00
1468116083,287377,5.40
1468116082,287376,5.00
1468116080,287374,100.00
1468116080,287373,200.00
1468116077,287371,20.00
1468116072,287370,10.00
1468116069,287369,5.00
1468116068,287368,10.00
1468116068,287367,50.00
1468116067,287366,50.00
1468116066,287365,5.00
1468116066,287364,10.00
1468116065,287363,5.00
1468116063,287362,5.00
1468116062,287361,50.00
1468116062,287360,10.00
1468116061,287358,20.00
1468116052,287352,20.00
1468116049,287348,11.11
1468116047,287346,20.00
1468116044,287345,5.00
1468116044,287344,50.00
1468116043,287343,50.00
1468116042,287342,20.00
1468116042,287341,50.00
1468116041,287340,50.00
1468116038,287339,20.00
1468116038,287338,10.00
1468116036,287337,15.00
1468116029,287334,25.00
1468116029,287333,10.00
1468116028,287332,25.00
1468116025,287330,25.00
1468116023,287329,50.00
1468116023,287328,5.00
1468116020,287327,5.00
1468116019,287326,5.00
1468116019,287325,5.00
1468116018,287324,15.00
1468116017,287322,20.00
1468116012,287320,20.00
1468116011,287319,100.00
1468116011,287318,5.00
1468116011,287317,10.00
1468116008,287316,10.00
1468116005,287314,5.00
1468116005,287313,10.00
1468116000,287312,100.00
1468115998,287311,50.00
1468115995,287310,10.00
1468115994,287309,15.00
1468115994,287308,60.00
1468115993,287307,50.00
1468115990,287306,25.00
1468115990,287305,10.00
1468115980,287303,10.00
1468115979,287302,5.00
1468115976,287299,5.00
1468115976,287298,11.00
1468115972,287297,10.00
1468115971,287296,20.00
1468115968,287295,15.00
1468115966,287294,50.00
1468115965,287292,5.00
1468115960,287291,25.00
1468115958,287290,15.15
1468115952,287288,5.85
1468115951,287287,200.00
1468115949,287286,5.00
1468115946,287284,10.00
1468115946,287283,10.00
1468115945,287282,5.00
1468115944,287281,50.00
1468115944,287280,15.00
1468115944,287279,10.00
1468115942,287277,100.00
1468115939,287276,5.00
1468115939,287275,80.00
1468115937,287274,100.00
1468115936,287273,20.00
1468115935,287272,150.00
1468115928,287270,20.00
1468115926,287269,10.00
1468115925,287268,10.00
1468115924,287267,10.00
1468115922,287266,5.00
1468115920,287265,50.00
1468115920,287264,50.00
1468115915,287263,10.00
1468115910,287262,20.00
1468115907,287260,5.40
1468115904,287257,50.00
1468115901,287256,5.00
1468115901,287255,250.00
1468115896,287253,100.00
1468115895,287252,5.00
1468115893,287251,55.55
1468115890,287250,100.00
1468115888,287248,250.00
1468115884,287246,20.00
1468115869,287245,250.00
1468115852,287243,20.00
1468115850,287242,15.00
1468115849,287241,50.00
1468115848,287240,10.00
1468115846,287239,10.00
1468115846,287238,15.00
1468115844,287237,5.00
1468115843,287236,11.00
1468115843,287235,5.00
1468115842,287234,25.00
1468115842,287233,28.50
1468115834,287231,25.00
1468115832,287230,20.00
1468115829,287229,10.00
1468115829,287228,50.00
1468115826,287227,100.00
1468115824,287226,300.00
1468115817,287224,20.00
1468115816,287223,50.00
1468115815,287222,20.00
1468115811,287221,5.00
1468115806,287220,5.00
1468115806,287219,50.00
1468115806,287218,10.00
1468115803,287217,10.00
1468115801,287216,10.00
1468115798,287215,8.49
1468115794,287214,150.00
1468115790,287213,5.00
1468115785,287212,100.00
1468115785,287211,100.00
1468115780,287210,10.00
1468115780,287209,5.00
1468115779,287208,50.00
1468115778,287207,10.00
1468115777,287206,5.00
1468115774,287205,10.00
1468115774,287204,5.00
1468115771,287202,5.00
1468115769,287201,10.00
1468115767,287200,10.00
1468115767,287198,5.00
1468115762,287195,10.00
1468115762,287194,100.00
1468115760,287193,2000.00
1468115758,287191,10.00
1468115750,287189,20.00
1468115749,287188,15.00
1468115748,287186,5.00
1468115748,287185,300.00
1468115746,287183,1000.00
1468115745,287182,5.00
1468115745,287181,6.50
1468115744,287180,20.00
1468115742,287178,25.00
1468115741,287177,5.00
1468115740,287176,50.00
1468115739,287175,25.00
1468115736,287174,10.00
1468115734,287173,500.00
1468115734,287172,44.44
1468115733,287170,25.00
1468115733,287169,50.00
1468115730,287168,20.00
1468115729,287167,5.00
1468115726,287166,40.00
1468115725,287165,20.00
1468115723,287164,10.24
1468115722,287162,10.00
1468115721,287161,100.00
1468115721,287160,100.00
1468115720,287159,100.00
1468115719,287158,100.00
1468115715,287157,10.00
1468115715,287156,5.00
1468115713,287155,50.00
1468115711,287154,10.00
1468115711,287153,50.00
1468115710,287152,50.00
1468115710,287151,49.99
1468115707,287150,10.00
1468115706,287149,13.37
1468115704,287148,10.00
1468115703,287146,100.00
1468115703,287145,100.00
1468115703,287144,5.00
1468115696,287143,10.00
1468115696,287142,20.00
1468115696,287141,10.00
1468115693,287140,5.00
1468115691,287139,15.00
1468115691,287137,5.00
1468115691,287136,250.00
1468115690,287135,200.00
1468115688,287133,1000.00
1468115687,287132,20.00
1468115685,287131,10.00
1468115685,287130,5.00
1468115685,287129,15.00
1468115684,287128,10.00
1468115684,287127,5.00
1468115683,287125,10.00
1468115676,287121,50.00
1468115672,287120,50.00
1468115668,287117,10.00
1468115666,287116,25.00
1468115666,287115,10.00
1468115666,287114,1000.00
1468115665,287113,15.00
1468115665,287112,15.00
1468115662,287110,15.00
1468115660,287108,15.00
1468115656,287107,5.00
1468115655,287106,20.00
1468115654,287105,50.00
1468115654,287104,5.00
1468115651,287102,50.00
1468115643,287100,5.00
1468115643,287099,50.00
1468115631,287098,10.00
1468115629,287097,20.00
1468115626,287096,5.00
1468115624,287095,20.00
1468115623,287094,20.00
1468115621,287092,500.00
1468115621,287091,15.00
1468115620,287090,5.00
1468115620,287089,50.00
1468115618,287087,50.00
1468115617,287086,10.00
1468115617,287085,10.00
1468115614,287084,5.00
1468115611,287083,100.00
1468115611,287082,750.00
1468115609,287081,30.00
1468115608,287080,10.00
1468115606,287079,10.00
1468115606,287077,50.00
1468115601,287076,10.00
1468115600,287075,5.00
1468115589,287074,45.00
1468115586,287073,10.00
1468115584,287071,50.00
1468115576,287070,20.00
1468115576,287069,5.00
1468115558,287065,50.00
1468115558,287064,25.00
1468115557,287062,5.00
1468115554,287061,5.00
1468115552,287060,500.00
1468115548,287059,25.00
1468115547,287058,10.00
1468115537,287055,5.00
1468115536,287054,1000.00
1468115536,287053,100.00
1468115533,287052,10.00
1468115531,287051,5.00
1468115526,287050,10.00
1468115521,287048,10.00
1468115507,287045,20.00
1468115506,287044,10.00
1468115505,287043,50.00
1468115502,287042,30.00
1468115497,287041,20.00
1468115495,287039,50.00
1468115495,287038,25.00
1468115495,287037,146.41
1468115494,287036,15.00
1468115490,287035,5.00
1468115488,287034,50.00
1468115485,287033,40.00
1468115483,287032,10.00
1468115479,287030,10.00
1468115476,287029,5.00
1468115475,287028,50.00
1468115472,287026,50.00
1468115470,287025,25.00
1468115470,287024,5.00
1468115465,287023,5.00
1468115463,287022,5.00
1468115463,287021,10.00
1468115453,287020,5.00
1468115453,287018,20.00
1468115453,287017,50.00
1468115452,287016,10.00
1468115448,287015,20.00
1468115447,287014,48.43
1468115447,287013,5.00
1468115444,287010,50.00
1468115443,287009,22.50
1468115439,287007,5.00
1468115437,287006,50.00
1468115431,287005,5.00
1468115426,287003,50.00
1468115426,287002,10.00
1468115424,287001,50.00
1468115419,287000,50.00
1468115419,286999,20.00
1468115415,286997,5.00
1468115413,286996,9.00
1468115400,286994,10.00
1468115398,286993,50.00
1468115397,286991,100.00
1468115391,286990,10.00
1468115377,286986,50.00
1468115377,286985,5.00
1468115371,286984,100.00
1468115369,286983,40.00
1468115369,286982,20.00
1468115365,286980,5.00
1468115363,286979,100.00
1468115363,286976,40.00
1468115361,286974,5.00
1468115357,286972,10.00
1468115350,286971,20.00
1468115348,286970,5.00
1468115347,286969,100.00
1468115342,286967,5.00
1468115341,286966,7.00
1468115340,286965,5.00
1468115339,286964,50.00
1468115338,286963,6.40
1468115329,286960,5.00
1468115329,286959,22.22
1468115326,286958,5.00
1468115325,286957,150.00
1468115319,286954,22.22
1468115314,286952,5.00
1468115313,286951,10.00
1468115310,286950,15.00
1468115310,286949,20.00
1468115303,286948,10.00
1468115299,286947,5.00
1468115296,286944,10.00
1468115296,286943,30.00
1468115294,286942,1000.00
1468115290,286940,5.00
1468115280,286938,125.00
1468115273,286936,5.00
1468115272,286935,1000.00
1468115265,286933,5.00
1468115261,286932,75.00
1468115257,286931,10.00
1468115257,286930,20.00
1468115252,286929,50.00
1468115247,286928,502.00
1468115239,286926,42.00
1468115239,286925,10.00
1468115236,286924,5.00
1468115233,286922,5.00
1468115230,286921,30.00
1468115229,286920,150.00
1468115228,286919,50.00
1468115228,286918,50.00
1468115222,286917,15.00
1468115218,286916,20.00
1468115217,286915,50.00
1468115212,286914,5.00
1468115211,286913,10.00
1468115207,286912,5.00
1468115206,286911,5.00
1468115206,286910,10.00
1468115199,286908,20.00
1468115186,286907,50.00
1468115184,286906,25.00
1468115171,286902,5.00
1468115170,286901,25.00
1468115166,286898,10.00
1468115158,286897,20.00
1468115151,286895,15.00
1468115144,286893,10.00
1468115143,286892,20.00
1468115141,286891,120.00
1468115140,286890,5.00
1468115133,286889,500.00
1468115132,286888,20.00
1468115131,286886,10.00
1468115131,286885,15.00
1468115129,286884,5.00
1468115128,286883,20.00
1468115123,286881,100.00
1468115122,286880,10.00
1468115119,286879,15.00
1468115118,286878,50.00
1468115115,286876,25.00
1468115107,286874,20.00
1468115100,286873,5.00
1468115099,286872,20.00
1468115097,286871,50.00
1468115084,286867,20.00
1468115077,286866,5.00
1468115075,286865,10.00
1468115074,286864,50.00
1468115072,286862,5.00
1468115068,286861,10.00
1468115068,286860,10.00
1468115068,286859,30.00
1468115063,286857,50.00
1468115062,286856,15.00
1468115059,286855,15.00
1468115058,286854,5.00
1468115051,286853,10.00
1468115048,286852,100.00
1468115048,286851,100.00
1468115042,286849,20.00
1468115035,286848,55.00
1468115033,286846,100.00
1468115029,286844,5.00
1468115022,286843,50.00
1468115020,286842,10.00
1468115017,286840,20.00
1468115017,286839,100.00
1468115011,286837,50.00
1468115007,286836,1000.00
1468114998,286835,5.00
1468114995,286834,10.00
1468114995,286833,20.00
1468114994,286831,20.00
1468114993,286829,10.00
1468114991,286828,5.00
1468114984,286827,10.00
1468114984,286826,20.00
1468114979,286825,50.00
1468114978,286824,10.00
1468114972,286822,20.00
1468114971,286821,150.00
1468114969,286820,5.00
1468114966,286818,10.00
1468114966,286817,25.00
1468114955,286815,15.00
1468114953,286814,5.00
1468114950,286813,10.00
1468114949,286812,5.00
1468114949,286811,10.00
1468114948,286810,20.00
1468114945,286809,150.00
1468114943,286808,20.00
1468114940,286807,5.00
1468114939,286806,20.00
1468114935,286804,5.00
1468114932,286803,5.00
1468114929,286802,5.00
1468114926,286801,20.00
1468114920,286799,5.00
1468114920,286798,20.00
1468114916,286797,25.00
1468114911,286796,5.00
1468114910,286795,20.00
1468114909,286794,30.00
1468114907,286793,5.00
1468114907,286792,20.00
1468114893,286789,20.00
1468114891,286788,50.00
1468114890,286786,5.00
1468114889,286785,100.00
1468114889,286784,20.00
1468114884,286781,20.00
1468114882,286780,70.00
1468114881,286779,25.00
1468114875,286777,50.00
1468114874,286776,20.00
1468114870,286775,10.00
1468114869,286774,10.00
1468114868,286773,50.00
1468114867,286772,460.00
1468114863,286770,25.00
1468114861,286769,100.00
1468114860,286766,50.00
1468114859,286765,20.00
1468114858,286764,50.00
1468114858,286763,10.00
1468114853,286762,10.00
1468114850,286761,50.00
1468114849,286760,10.00
1468114846,286759,14.88
1468114843,286758,10.00
1468114842,286757,50.00
1468114842,286756,15.00
1468114838,286754,50.00
1468114835,286753,20.00
1468114834,286752,20.00
1468114833,286751,5.00
1468114833,286750,10.00
1468114831,286748,25.00
1468114827,286746,50.00
1468114827,286745,5.00
1468114822,286743,100.00
1468114822,286742,500.00
1468114819,286741,25.00
1468114818,286740,20.00
1468114818,286739,20.00
1468114813,286738,20.00
1468114813,286737,5.00
1468114813,286736,5.00
1468114812,286735,50.00
1468114809,286733,5.00
1468114806,286732,10.00
1468114805,286731,10.00
1468114805,286730,12.50
1468114804,286729,20.00
1468114803,286728,64.64
1468114803,286727,10.00
1468114802,286726,25.00
1468114801,286724,25.00
1468114797,286723,15.00
1468114795,286719,15.00
1468114792,286718,100.00
1468114790,286716,20.00
1468114789,286714,10.00
1468114786,286713,10.00
1468114785,286712,25.00
1468114783,286710,20.00
1468114783,286709,15.00
1468114776,286707,25.00
1468114772,286706,5.00
1468114766,286705,100.00
1468114765,286704,15.00
1468114764,286703,25.00
1468114762,286702,5.00
1468114761,286701,10.00
1468114759,286700,50.00
1468114753,286696,20.00
1468114751,286695,5.00
1468114750,286694,40.00
1468114749,286692,50.00
1468114742,286691,50.00
1468114725,286689,750.00
1468114720,286687,5.00
1468114717,286685,15.00
1468114713,286684,20.00
1468114712,286683,50.00
1468114711,286682,50.00
1468114704,286679,50.00
1468114704,286678,100.00
1468114702,286677,75.00
1468114694,286672,100.00
1468114693,286671,5.00
1468114688,286670,5.00
1468114682,286669,5.00
1468114682,286668,25.00
1468114680,286666,5.00
1468114679,286665,10.00
1468114678,286664,10.00
1468114673,286663,50.00
1468114672,286662,10.00
1468114672,286661,20.00
1468114670,286660,10.00
1468114668,286659,15.00
1468114665,286658,50.00
1468114664,286657,5.00
1468114661,286656,15.00
1468114653,286653,5.00
1468114650,286652,5.00
1468114650,286651,10.00
1468114645,286650,20.00
1468114644,286649,50.00
1468114641,286648,5.00
1468114641,286647,5.00
1468114640,286646,50.00
1468114635,286644,50.00
1468114635,286643,10.00
1468114634,286642,100.00
1468114632,286641,10.00
1468114629,286640,100.00
1468114628,286639,15.00
1468114625,286638,75.00
1468114622,286636,10.00
1468114617,286635,10.00
1468114613,286634,20.00
1468114611,286632,5.00
1468114610,286631,25.00
1468114610,286630,15.00
1468114609,286629,10.00
1468114601,286625,100.00
1468114600,286624,50.00
1468114599,286623,20.00
1468114593,286622,10.00
1468114590,286620,15.00
1468114589,286619,250.00
1468114587,286617,50.00
1468114577,286615,5.00
1468114575,286614,60.00
1468114570,286613,50.00
1468114568,286612,25.00
1468114567,286611,50.00
1468114552,286609,10.00
1468114535,286606,50.00
1468114526,286603,50.00
1468114524,286602,20.00
1468114519,286601,100.00
1468114512,286598,20.00
1468114506,286596,5.00
1468114506,286595,5.00
1468114492,286592,20.00
1468114482,286591,5.00
1468114479,286590,5.00
1468114475,286589,500.00
1468114473,286588,50.00
1468114470,286587,5.00
1468114470,286586,5.00
1468114455,286584,10.00
1468114453,286583,5.00
1468114446,286582,400.00
1468114446,286581,10.00
1468114439,286579,10.00
1468114438,286577,5.00
1468114435,286576,5.00
1468114430,286571,50.00
1468114429,286570,30.00
1468114425,286569,50.00
1468114424,286568,10.00
1468114420,286567,25.00
1468114411,286566,10.00
1468114401,286565,15.00
1468114399,286564,20.00
1468114396,286563,10.00
1468114395,286562,100.00
1468114395,286561,64.00
1468114390,286559,40.00
1468114387,286558,25.00
1468114379,286557,10.00
1468114379,286556,20.00
1468114377,286555,20.00
1468114365,286554,10.00
1468114364,286553,50.00
1468114361,286552,10.00
1468114360,286551,10.00
1468114359,286550,100.00
1468114354,286549,15.00
1468114353,286548,50.00
1468114350,286547,200.00
1468114350,286546,5.00
1468114347,286545,50.00
1468114343,286544,50.00
1468114342,286543,50.00
1468114334,286542,10.00
1468114333,286541,5.00
1468114329,286536,15.00
1468114327,286535,20.00
1468114324,286534,5.00
1468114324,286533,50.00
1468114321,286532,5.00
1468114311,286531,20.00
1468114310,286530,10.00
1468114307,286529,5.00
1468114304,286528,5.00
1468114302,286527,5.00
1468114302,286526,25.00
1468114302,286525,5.00
1468114300,286524,50.00
1468114300,286523,5.00
1468114298,286522,10.00
1468114297,286521,5.00
1468114291,286520,25.00
1468114291,286519,50.00
1468114290,286518,10.00
1468114288,286517,5.00
1468114286,286516,30.00
1468114283,286514,15.00
1468114281,286512,10.00
1468114268,286511,20.00
1468114267,286510,5.00
1468114262,286507,15.00
1468114261,286506,20.00
1468114257,286505,5.00
1468114253,286504,500.00
1468114252,286503,20.00
1468114247,286501,50.00
1468114246,286500,10.00
1468114246,286499,100.00
1468114243,286498,5.00
1468114241,286496,50.00
1468114233,286495,5.00
1468114229,286494,200.00
1468114222,286493,5.00
1468114221,286492,20.00
1468114220,286491,15.00
1468114218,286490,15.00
1468114216,286489,20.00
1468114210,286484,5.00
1468114208,286483,50.00
1468114207,286482,5.00
1468114201,286480,20.00
1468114196,286478,100.00
1468114191,286475,50.00
1468114188,286474,50.00
1468114182,286473,25.00
1468114179,286472,10.00
1468114174,286471,50.00
1468114172,286470,20.00
1468114170,286469,20.00
1468114170,286468,20.00
1468114169,286467,5.01
1468114168,286466,5.00
1468114168,286465,10.00
1468114158,286463,5.00
1468114156,286462,100.00
1468114150,286460,5.00
1468114147,286459,10.00
1468114147,286458,25.00
1468114142,286456,5.00
1468114136,286454,50.00
1468114135,286453,50.00
1468114134,286452,5.00
1468114133,286451,5.00
1468114126,286450,10.00
1468114125,286449,20.00
1468114124,286448,5.00
1468114123,286447,222.00
1468114123,286445,15.00
1468114112,286440,10.00
1468114112,286439,20.00
1468114106,286438,5.00
1468114104,286435,20.00
1468114103,286433,5.00
1468114102,286432,15.00
1468114100,286431,5.01
1468114090,286428,10.00
1468114088,286427,800.00
1468114075,286425,10.00
1468114074,286424,10.00
1468114067,286423,100.00
1468114066,286422,5.00
1468114066,286421,50.00
1468114062,286420,20.00
1468114057,286419,5.00
1468114056,286418,15.00
1468114053,286417,20.00
1468114044,286416,25.00
1468114040,286415,5.00
1468114036,286414,100.00
1468114035,286413,10.00
1468114031,286410,20.00
1468114028,286409,20.00
1468114025,286408,10.00
1468114024,286406,5.00
1468114017,286405,15.15
1468114009,286404,2000.00
1468113999,286401,25.00
1468113998,286400,5.00
1468113996,286399,10.00
1468113985,286397,15.00
1468113982,286396,50.00
1468113982,286395,20.00
1468113974,286393,20.00
1468113969,286392,200.00
1468113965,286391,50.00
1468113965,286390,10.00
1468113958,286387,10.00
1468113950,286386,50.00
1468113947,286385,30.00
1468113944,286384,50.00
1468113935,286383,15.00
1468113933,286382,50.00
1468113923,286381,20.00
1468113912,286380,15.00
1468113904,286378,100.00
1468113870,286376,50.00
1468113867,286375,100.00
1468113866,286374,20.00
1468113860,286373,5.00
1468113860,286372,50.00
1468113844,286371,25.00
1468113818,286368,20.00
1468113815,286367,50.00
1468113789,286366,25.00
1468113757,286363,10.00
1468113744,286361,20.00
1468113734,286360,50.00
1468113728,286359,5.00
1468113703,286358,280.00
1468113700,286357,10.00
1468113687,286356,100.00
1468113680,286355,50.00
1468113678,286354,100.00
1468113666,286352,20.00
1468113645,286351,50.00
1468113638,286350,20.00
1468113626,286349,100.00
1468113625,286348,20.00
1468113623,286347,75.00
1468113619,286346,20.00
1468113606,286345,15.00
1468113588,286342,10.00
1468113588,286341,10.00
1468113582,286340,20.00
1468113574,286339,20.00
1468113573,286338,64.00
1468113561,286337,20.00
1468113542,286333,50.00
1468113531,286332,50.00
1468113513,286329,10.00
1468113511,286328,50.00
1468113508,286327,10.00
1468113502,286326,10.00
1468113502,286325,10.00
1468113497,286324,10.00
1468113494,286323,50.00
1468113489,286321,25.00
1468113488,286320,50.00
1468113485,286319,50.00
1468113480,286317,100.00
1468113477,286316,20.00
1468113475,286314,5.00
1468113471,286313,50.00
1468113466,286312,50.00
1468113462,286311,50.00
1468113446,286309,50.00
1468113440,286308,25.00
1468113439,286307,15.00
1468113422,286303,30.00
1468113418,286302,15.00
1468113416,286301,50.00
1468113414,286300,50.69
1468113404,286299,10.00
1468113389,286295,50.00
1468113380,286293,50.00
1468113370,286292,111.11
1468113364,286291,25.00
1468113361,286290,20.00
1468113361,286289,100.00
1468113360,286288,15.00
1468113360,286287,20.00
1468113353,286285,15.00
1468113345,286284,5.00
1468113345,286283,15.00
1468113343,286282,20.00
1468113342,286281,15.00
1468113336,286280,500.00
1468113333,286279,25.00
1468113332,286278,10.00
1468113331,286277,100.00
1468113322,286276,50.00
1468113321,286275,20.00
1468113313,286274,100.00
1468113301,286273,5.00
1468113298,286270,10.00
1468113295,286268,20.00
1468113290,286267,19.81
1468113282,286266,20.00
1468113277,286265,20.00
1468113276,286264,50.00
1468113272,286263,6.18
1468113271,286262,5.00
1468113267,286261,50.00
1468113266,286260,50.00
1468113266,286259,50.01
1468113266,286258,5.00
1468113265,286257,64.00
1468113265,286256,50.00
1468113261,286255,20.00
1468113259,286253,5.00
1468113254,286251,10.00
1468113252,286249,10.00
1468113252,286248,20.00
1468113251,286247,50.00
1468113245,286246,10.00
1468113241,286245,50.00
1468113240,286244,20.00
1468113238,286243,100.00
1468113233,286240,15.00
1468113229,286239,20.00
1468113226,286238,15.00
1468113225,286237,50.00
1468113224,286236,25.00
1468113220,286235,50.00
1468113219,286234,20.00
1468113205,286233,50.00
1468113200,286231,10.00
1468113195,286229,13.37
1468113192,286228,10.00
1468113187,286227,50.00
1468113187,286226,100.00
1468113184,286225,5.00
1468113175,286223,50.00
1468113171,286221,50.00
1468113156,286220,55.00
1468113153,286219,5.00
1468113153,286218,14.00
1468113151,286217,20.00
1468113145,286216,20.00
1468113126,286214,5.00
1468113114,286212,105.00
1468113113,286211,10.00
1468113094,286209,50.00
1468113090,286208,200.00
1468113069,286206,20.00
1468113043,286205,50.00
1468113039,286203,100.00
1468113024,286202,20.00
1468113024,286201,50.00
1468113017,286200,10.00
1468113016,286199,5.00
1468113014,286198,25.00
1468112985,286196,20.00
1468112980,286195,15.00
1468112966,286193,25.00
1468112947,286192,20.00
1468112942,286191,9.98
1468112938,286190,10.00
1468112935,286189,50.00
1468112934,286188,30.00
1468112933,286187,25.00
1468112932,286186,50.00
1468112914,286184,10.00
1468112899,286183,25.00
1468112895,286182,50.00
1468112889,286181,30.00
1468112888,286180,5.00
1468112872,286179,100.00
1468112870,286178,5.00
1468112827,286174,50.00
1468112818,286172,25.00
1468112814,286171,20.00
1468112806,286169,15.00
1468112804,286168,20.00
1468112798,286166,35.00
1468112784,286165,10.00
1468112783,286163,40.00
1468112759,286162,20.00
1468112719,286161,10.00
1468112709,286160,50.00
1468112709,286159,50.00
1468112694,286158,50.00
1468112687,286157,20.00
1468112677,286156,50.00
1468112636,286153,5.00
1468112636,286152,5.00
1468112632,286151,25.00
1468112619,286150,15.00
1468112609,286149,15.00
1468112603,286148,20.00
1468112586,286147,20.00
1468112583,286146,30.00
1468112577,286145,44.00
1468112574,286144,10.00
1468112573,286143,15.00
1468112544,286140,10.00
1468112534,286139,100.00
1468112526,286138,150.00
1468112522,286137,100.00
1468112507,286136,30.00
1468112501,286135,60.00
1468112484,286131,5.05
1468112466,286128,25.00
1468112456,286127,20.00
1468112454,286126,20.00
1468112449,286125,712.38
1468112420,286123,25.00
1468112400,286121,5.00
1468112390,286119,20.00
1468112388,286118,40.00
1468112385,286117,25.00
1468112367,286115,5.00
1468112367,286114,20.00
1468112361,286111,5.00
1468112350,286109,250.00
1468112346,286107,200.00
1468112341,286106,13.37
1468112341,286105,200.00
1468112299,286103,15.00
1468112285,286102,50.00
1468112269,286101,50.00
1468112269,286100,10.00
1468112250,286098,100.00
1468112242,286097,20.00
1468112225,286096,20.00
1468112173,286094,866.00
1468112171,286093,20.00
1468112170,286092,50.00
1468112169,286091,50.00
1468112161,286089,70.00
1468112144,286088,10.00
1468112131,286087,10.00
1468112124,286086,15.00
1468112118,286084,10.00
1468112117,286083,20.00
1468112109,286082,500.00
1468112103,286081,5.00
1468112102,286080,5.00
1468112045,286079,20.00
1468112029,286078,200.00
1468111997,286077,25.00
1468111984,286076,5.00
1468111945,286074,50.00
1468111931,286073,50.00
1468111927,286072,250.00
1468111922,286069,80.00
1468111919,286068,25.00
1468111909,286067,9.69
1468111898,286066,25.00
1468111894,286064,50.00
1468111893,286063,50.00
1468111886,286062,15.00
1468111845,286060,10.00
1468111833,286058,25.00
1468111826,286056,5.00
1468111824,286055,15.00
1468111792,286054,50.00
1468111776,286052,5.00
1468111772,286050,15.00
1468111692,286049,5.00
1468111688,286048,322.00
1468111685,286047,200.00
1468111672,286046,10.00
1468111640,286044,10.00
1468111624,286043,50.00
1468111603,286042,9.00
1468111545,286039,50.00
1468111524,286038,20.00
1468111511,286037,5.00
1468111510,286036,10.00
1468111509,286035,50.00
1468111486,286034,10.00
1468111486,286033,50.00
1468111481,286032,20.00
1468111473,286029,10.00
1468111462,286027,50.00
1468111461,286026,5.00
1468111459,286025,50.00
1468111450,286024,100.00
1468111422,286023,25.00
1468111415,286022,50.00
1468111410,286021,60.00
1468111397,286019,50.00
1468111374,286017,5.00
1468111366,286016,275.00
1468111357,286015,20.00
1468111348,286014,50.00
1468111339,286013,15.00
1468111306,286012,10.00
1468111299,286009,100.00
1468111270,286007,10.00
1468111263,286006,50.00
1468111260,286005,50.00
1468111258,286004,5.00
1468111255,286003,20.00
1468111250,286002,50.00
1468111236,286001,5.00
1468111225,286000,5.00
1468111224,285998,10.00
1468111220,285997,5.00
1468111213,285996,50.00
1468111212,285995,10.00
1468111201,285993,10.00
1468111198,285992,20.00
1468111193,285990,100.00
1468111168,285988,15.00
1468111160,285987,5.00
1468111123,285984,10.00
1468111088,285981,5.00
1468111077,285980,50.00
1468111068,285978,15.00
1468111065,285977,50.00
1468111062,285976,50.00
1468111054,285975,25.00
1468111045,285974,50.00
1468111044,285973,20.00
1468111023,285972,10.00
1468111016,285970,50.00
1468110994,285969,25.00
1468110991,285968,5.00
1468110985,285967,5.00
1468110974,285966,10.00
1468110941,285963,30.00
1468110926,285962,8.00
1468110926,285961,20.00
1468110916,285960,500.00
1468110911,285959,20.00
1468110896,285958,15.00
1468110860,285956,250.00
1468110847,285954,5.00
1468110846,285953,50.00
1468110843,285951,10.00
1468110835,285950,50.00
1468110830,285949,50.00
1468110829,285948,10.00
1468110827,285947,15.00
1468110817,285946,10.00
1468110817,285945,20.00
1468110814,285944,20.00
1468110799,285943,20.00
1468110792,285942,20.00
1468110782,285941,5.00
1468110779,285940,5.00
1468110774,285939,50.00
1468110766,285937,25.00
1468110763,285936,17.00
1468110761,285935,25.00
1468110754,285934,10.00
1468110752,285933,10.00
1468110752,285932,25.00
1468110745,285930,60.00
1468110739,285929,69.00
1468110732,285928,50.00
1468110730,285927,5.00
1468110722,285926,50.00
1468110693,285925,15.00
1468110685,285924,12.00
1468110679,285923,50.00
1468110672,285922,15.00
1468110664,285921,40.00
1468110652,285920,10.00
1468110640,285917,20.00
1468110630,285915,12.00
1468110624,285913,12.00
1468110623,285912,32.00
1468110616,285910,40.00
1468110614,285909,20.00
1468110614,285908,20.00
1468110613,285907,24.00
1468110605,285904,12.00
1468110599,285903,20.00
1468110596,285902,12.00
1468110593,285901,50.00
1468110593,285900,15.00
1468110591,285899,50.00
1468110583,285898,12.00
1468110579,285897,10.00
1468110575,285894,5.00
1468110569,285893,300.00
1468110567,285892,15.00
1468110564,285891,12.00
1468110560,285890,24.00
1468110559,285889,50.00
1468110554,285888,50.00
1468110552,285887,5.00
1468110550,285886,5.00
1468110550,285884,50.00
1468110545,285883,50.00
1468110545,285882,12.00
1468110543,285881,5.00
1468110531,285879,5.00
1468110517,285878,15.00
1468110517,285877,14.00
1468110506,285875,15.00
1468110504,285874,10.00
1468110504,285873,10.00
1468110497,285872,25.00
1468110490,285871,20.00
1468110489,285870,20.00
1468110468,285869,5.45
1468110457,285867,5.00
1468110456,285866,50.00
1468110456,285865,15.00
1468110443,285864,50.00
1468110439,285863,1000.00
1468110438,285862,10.00
1468110431,285861,60.00
1468110418,285857,5.00
1468110416,285855,25.00
1468110410,285854,15.00
1468110403,285852,5.00
1468110402,285851,5.00
1468110395,285849,5.00
1468110390,285847,10.00
1468110388,285844,20.23
1468110386,285843,25.00
1468110379,285842,5.00
1468110377,285841,20.16
1468110374,285840,5.00
1468110372,285839,25.00
1468110369,285838,50.00
1468110369,285837,5.00
1468110365,285836,50.00
1468110357,285835,15.00
1468110357,285834,10.00
1468110356,285833,50.00
1468110355,285832,50.00
1468110349,285831,20.00
1468110343,285829,5.00
1468110342,285828,100.00
1468110338,285827,20.00
1468110330,285824,40.00
1468110329,285822,5.00
1468110327,285821,20.00
1468110325,285820,25.00
1468110311,285817,5.00
1468110307,285816,25.00
1468110305,285815,5.24
1468110303,285814,10.00
1468110297,285813,5.00
1468110295,285812,20.00
1468110293,285811,200.00
1468110293,285810,5.00
1468110289,285809,100.00
1468110289,285808,5.00
1468110288,285807,10.00
1468110287,285806,5.00
1468110284,285804,10.00
1468110282,285803,50.00
1468110281,285802,20.00
1468110279,285801,15.00
1468110277,285800,5.00
1468110277,285799,10.00
1468110272,285798,15.00
1468110270,285796,20.00
1468110269,285794,50.00
1468110268,285793,5.00
1468110264,285792,15.00
1468110262,285790,50.00
1468110261,285789,7.00
1468110259,285788,100.00
1468110258,285787,15.00
1468110253,285786,20.00
1468110251,285785,10.00
1468110250,285784,25.00
1468110249,285783,50.00
1468110246,285781,5.00
1468110238,285779,10.00
1468110236,285778,5.00
1468110232,285777,5.00
1468110231,285776,15.00
1468110231,285775,5.00
1468110228,285774,15.00
1468110227,285773,5.00
1468110227,285772,25.00
1468110227,285771,10.00
1468110226,285770,20.00
1468110224,285769,20.00
1468110218,285767,10.00
1468110218,285766,50.00
1468110218,285765,25.00
1468110217,285764,10.00
1468110212,285763,10.00
1468110210,285762,20.00
1468110210,285761,15.00
1468110208,285760,25.00
1468110204,285759,20.00
1468110203,285758,5.00
1468110202,285757,15.00
1468110201,285756,20.00
1468110201,285755,5.00
1468110198,285754,10.00
1468110197,285753,5.00
1468110195,285752,15.00
1468110195,285751,10.00
1468110193,285750,10.00
1468110192,285749,5.00
1468110191,285748,10.00
1468110188,285747,5.00
1468110188,285746,10.00
1468110187,285745,25.00
1468110186,285744,10.00
1468110183,285742,5.00
1468110183,285741,10.00
1468110183,285740,10.00
1468110182,285739,10.00
1468110181,285738,5.00
1468110181,285737,10.00
1468110181,285736,10.00
1468110181,285735,5.00
1468110181,285734,5.00
1468110180,285733,5.00
1468110177,285732,50.00
1468110175,285731,10.00
1468110175,285730,10.00
1468110175,285729,5.00
1468110174,285728,50.00
1468110173,285727,20.00
1468110172,285725,10.00
1468110172,285724,20.00
1468110170,285723,10.00
1468110169,285722,10.00
1468110169,285721,15.00
1468110168,285720,50.00
1468110168,285719,10.00
1468110167,285716,116.00
1468110166,285715,5.00
1468110165,285713,50.00
1468110161,285711,20.00
1468110160,285710,10.00
1468110159,285709,20.00
1468110158,285707,15.00
1468110155,285706,50.00
1468110154,285705,5.00
1468110154,285703,10.00
1468110154,285702,20.00
1468110154,285701,50.00
1468110154,285700,5.00
1468110154,285699,5.55
1468110154,285698,5.00
1468110154,285696,55.00
1468110153,285694,5.00
1468110153,285693,60.00
1468110153,285692,55.00
1468110153,285690,156.95
1468110152,285688,5.00
1468110152,285684,20.00
1468110152,285683,5.00
1468110152,285682,5.00
1468110152,285681,5.00
1468110151,285679,5.00
1468110151,285678,10.00
1468110150,285677,10.00
1468110150,285674,50.00
1468110150,285672,5.00
1468110150,285671,25.00
1468110148,285670,5.00
1468110148,285669,5.00
1468110148,285668,5.00
1468110147,285667,15.00
1468110146,285666,20.00
1468110146,285664,10.00
1468110145,285661,8.05
1468110145,285660,20.00
1468110144,285659,5.00
1468110144,285658,5.00
1468110144,285656,10.00
1468110144,285655,50.00
1468110144,285654,20.00
1468110143,285652,5.00
1468110143,285651,5.00
1468110143,285650,5.00
1468110142,285649,50.00
1468110142,285648,110.00
1468110142,285647,10.00
1468110142,285646,5.00
1468110142,285645,50.00
1468110142,285644,10.00
1468110142,285643,15.00
1468110142,285642,5.00
1468110142,285641,5.00
1468110142,285640,20.00
1468110142,285639,10.00
1468110142,285638,5.00
1468110140,285636,10.00
1468110140,285633,25.00
1468110140,285632,15.21
1468110140,285630,5.00
1468110139,285629,50.00